id,timestamp,participant_id,view_angle,pose_grade,auto_grade,neck_angle,spine_angle,shoulder_asymmetry,pelvic_tilt,total_score,analysis_results,landmark_0_x,landmark_0_y,landmark_1_x,landmark_1_y,landmark_2_x,landmark_2_y,landmark_3_x,landmark_3_y,landmark_4_x,landmark_4_y,landmark_5_x,landmark_5_y,landmark_6_x,landmark_6_y,landmark_7_x,landmark_7_y,landmark_8_x,landmark_8_y,landmark_9_x,landmark_9_y,landmark_10_x,landmark_10_y,landmark_11_x,landmark_11_y,landmark_12_x,landmark_12_y,landmark_13_x,landmark_13_y,landmark_14_x,landmark_14_y,landmark_15_x,landmark_15_y,landmark_16_x,landmark_16_y,landmark_17_x,landmark_17_y,landmark_18_x,landmark_18_y,landmark_19_x,landmark_19_y,landmark_20_x,landmark_20_y,landmark_21_x,landmark_21_y,landmark_22_x,landmark_22_y,landmark_23_x,landmark_23_y,landmark_24_x,landmark_24_y,landmark_25_x,landmark_25_y,landmark_26_x,landmark_26_y,landmark_27_x,landmark_27_y,landmark_28_x,landmark_28_y,landmark_29_x,landmark_29_y,landmark_30_x,landmark_30_y,landmark_31_x,landmark_31_y,landmark_32_x,landmark_32_y,name,seq
,2025-07-07T14:22:27.313011,P2,,,,,,,,,,0.5638788342475891,0.3351033329963684,0.5573059916496277,0.2928420305252075,0.5592098832130432,0.2904367446899414,0.5612779855728149,0.28808891773223877,0.5479795336723328,0.2952226400375366,0.5416479706764221,0.29588496685028076,0.5345091819763184,0.2974741458892822,0.5304031372070312,0.30634498596191406,0.499864399433136,0.3122638463973999,0.5611523985862732,0.37158235907554626,0.546859085559845,0.37808340787887573,0.5190256237983704,0.5101169943809509,0.4576708674430847,0.5683343410491943,0.5382943153381348,0.7222069501876831,0.4809902608394623,0.908355712890625,0.6100295782089233,0.8257125616073608,0.6210601329803467,1.0021454095840454,0.6368867754936218,0.8691958785057068,0.6572356224060059,1.0272506475448608,0.6451159119606018,0.8665966391563416,0.6662126779556274,0.9979085922241211,0.6340488195419312,0.8615573644638062,0.6517686247825623,0.9815217852592468,0.5290266871452332,0.9584484696388245,0.48922887444496155,1.0036864280700684,0.6306835412979126,1.2108792066574097,0.6635186672210693,1.158718228340149,0.5933166146278381,1.5358797311782837,0.5967053771018982,1.5168825387954712,0.5759149789810181,1.5952887535095215,0.5639858841896057,1.5797804594039917,0.6244629621505737,1.602967619895935,0.6644920706748962,1.5892413854599,frame_01,
,2025-07-07T14:22:27.409830,P2,,,,,,,,,,0.5663865804672241,0.3271140456199646,0.557361364364624,0.2916114330291748,0.55689936876297,0.29119014739990234,0.5567095279693604,0.2903980612754822,0.5525083541870117,0.29326677322387695,0.5477672815322876,0.29435986280441284,0.5421139597892761,0.29594188928604126,0.5167903304100037,0.3085339069366455,0.5084933042526245,0.30974632501602173,0.5613217949867249,0.37097930908203125,0.5515971183776855,0.37545883655548096,0.5192827582359314,0.5167737007141113,0.4597017765045166,0.5608501434326172,0.5334916114807129,0.7345450520515442,0.5003228783607483,0.8862462639808655,0.5960181355476379,0.8518785834312439,0.6170003414154053,0.9999188780784607,0.6200423836708069,0.8759886622428894,0.641850471496582,1.0346300601959229,0.6248064637184143,0.8691578507423401,0.6578404903411865,1.0132145881652832,0.6158173680305481,0.8660860061645508,0.6489794254302979,1.0004366636276245,0.5402674078941345,0.9348970055580139,0.4926908016204834,0.9867240786552429,0.636964738368988,1.1736328601837158,0.6256775856018066,1.1970314979553223,0.5885770916938782,1.4575824737548828,0.5486375093460083,1.5617460012435913,0.5735803842544556,1.5009887218475342,0.5198812484741211,1.6183764934539795,0.6039062738418579,1.5357152223587036,0.6019542217254639,1.6449967622756958,frame_02,
,2025-07-07T14:22:27.500631,P2,,,,,,,,,,0.5652364492416382,0.3353889584541321,0.5547487139701843,0.29765212535858154,0.5528901219367981,0.2966579794883728,0.5509381294250488,0.29558825492858887,0.5518851280212402,0.2979528307914734,0.5484589338302612,0.2983124256134033,0.5436609983444214,0.29899919033050537,0.5163308382034302,0.3086543679237366,0.5121839046478271,0.3105405569076538,0.5535434484481812,0.37662824988365173,0.5491427183151245,0.37758252024650574,0.5068604946136475,0.5120365619659424,0.4676458239555359,0.5476909875869751,0.5285655856132507,0.7407084703445435,0.5121174454689026,0.8637593388557434,0.5913823246955872,0.8595634698867798,0.6395191550254822,0.9892284870147705,0.6119216680526733,0.8879905939102173,0.6632508039474487,1.024910569190979,0.6155024766921997,0.8795854449272156,0.6771804690361023,1.0094242095947266,0.6094494462013245,0.8750759363174438,0.6681821346282959,0.9968506097793579,0.5271019339561462,0.9400149583816528,0.4951903223991394,0.9858366847038269,0.6070343255996704,1.1486903429031372,0.6456513404846191,1.1454765796661377,0.5692153573036194,1.4582796096801758,0.5563676357269287,1.5159714221954346,0.5549805164337158,1.50838303565979,0.5242989659309387,1.5718828439712524,0.593125581741333,1.5353052616119385,0.6045264005661011,1.6105241775512695,frame_03,
,2025-07-07T14:22:27.596731,P2,,,,,,,,,,0.5638443827629089,0.3272050619125366,0.5539249181747437,0.2879508137702942,0.5505111217498779,0.28669607639312744,0.5471731424331665,0.2855692505836487,0.551849901676178,0.28854185342788696,0.54771888256073,0.28830111026763916,0.5432718396186829,0.28818613290786743,0.5135387778282166,0.29755938053131104,0.511621356010437,0.29938286542892456,0.551923394203186,0.3672615885734558,0.5500932931900024,0.3673703074455261,0.5075882077217102,0.5128172039985657,0.4707687795162201,0.5400349497795105,0.5405853986740112,0.7563679814338684,0.5324012637138367,0.8525795936584473,0.6245594024658203,0.8800544142723083,0.6524351835250854,0.9539364576339722,0.6411170959472656,0.9242970943450928,0.67518550157547,1.0003021955490112,0.6532648205757141,0.9231400489807129,0.6841483116149902,0.983518660068512,0.6438031196594238,0.9058080911636353,0.6756693720817566,0.9672555923461914,0.5387192368507385,0.9456977248191833,0.5046588778495789,0.9852917790412903,0.6436792612075806,1.108506441116333,0.6590782403945923,1.1341346502304077,0.596950888633728,1.4218254089355469,0.5813174247741699,1.507359504699707,0.5804820656776428,1.470674753189087,0.5499017238616943,1.569896936416626,0.6180911660194397,1.5018190145492554,0.6379424333572388,1.5869433879852295,frame_04,
,2025-07-07T14:22:27.691153,P2,,,,,,,,,,0.5639950037002563,0.32831817865371704,0.5544803738594055,0.2899496555328369,0.551166832447052,0.2882607579231262,0.5478907823562622,0.2866031527519226,0.552198588848114,0.2909679412841797,0.547987163066864,0.2909926772117615,0.5438055992126465,0.2910986542701721,0.5150877237319946,0.29995304346084595,0.5131624341011047,0.3031350374221802,0.5526090860366821,0.36737197637557983,0.5496869087219238,0.3678871691226959,0.5062040090560913,0.5094262361526489,0.47374239563941956,0.541471004486084,0.540494441986084,0.765954315662384,0.5335016250610352,0.8515657186508179,0.6195876598358154,0.90605229139328,0.6418061852455139,0.9903532266616821,0.641716480255127,0.9539957046508789,0.6584730744361877,1.0332258939743042,0.6489645838737488,0.949772834777832,0.6700378656387329,1.024775505065918,0.6401156783103943,0.9372431635856628,0.6642953157424927,1.00619375705719,0.5378522276878357,0.9431148767471313,0.508911669254303,0.9804021120071411,0.6411652565002441,1.1254971027374268,0.6484890580177307,1.1370644569396973,0.6058892011642456,1.433472990989685,0.5781999230384827,1.5059542655944824,0.590384840965271,1.4848957061767578,0.5486869215965271,1.5630180835723877,0.6361768245697021,1.505213737487793,0.6366365551948547,1.5950011014938354,frame_05,
,2025-07-07T14:22:27.778986,P2,,,,,,,,,,0.5587041974067688,0.3225587010383606,0.5503838062286377,0.2849695682525635,0.5480400323867798,0.283541202545166,0.5455321669578552,0.28192800283432007,0.5473880171775818,0.28649264574050903,0.5434252023696899,0.2873836159706116,0.5394785404205322,0.2880421280860901,0.5134763121604919,0.29668766260147095,0.5109474062919617,0.30291295051574707,0.5513477921485901,0.36027395725250244,0.5472353100776672,0.3616006076335907,0.504496157169342,0.5099226236343384,0.4795622229576111,0.5367299318313599,0.539888322353363,0.7676613926887512,0.5342680811882019,0.8436822891235352,0.6128771901130676,0.8845749497413635,0.641934871673584,0.9887028336524963,0.6288353204727173,0.9199205040931702,0.6620520353317261,1.0279017686843872,0.6352300643920898,0.9197337031364441,0.6718741059303284,1.0252400636672974,0.6273256540298462,0.9095742702484131,0.6657339334487915,1.0055969953536987,0.5418545007705688,0.9216740131378174,0.513488233089447,0.9515626430511475,0.6394493579864502,1.1115151643753052,0.6394791007041931,1.1303620338439941,0.614067018032074,1.4140088558197021,0.5815486311912537,1.4355677366256714,0.601151704788208,1.4645559787750244,0.555540919303894,1.4878661632537842,0.6391212940216064,1.4782910346984863,0.6351379752159119,1.492607593536377,frame_06,
,2025-07-07T14:22:27.872014,P2,,,,,,,,,,0.5595147609710693,0.31743866205215454,0.5481138825416565,0.27972936630249023,0.5451822280883789,0.2785179018974304,0.5420272350311279,0.277471661567688,0.5463982224464417,0.28000015020370483,0.5429953336715698,0.27973729372024536,0.5386593341827393,0.2799937129020691,0.5124919414520264,0.29499852657318115,0.5109999179840088,0.2991504669189453,0.5514971017837524,0.353870153427124,0.5489901900291443,0.35556238889694214,0.504361629486084,0.5049173831939697,0.4782749116420746,0.5320302844047546,0.541746199131012,0.7621062397956848,0.5366858243942261,0.8419913649559021,0.6154063940048218,0.8928289413452148,0.6436070799827576,0.9896923303604126,0.6295743584632874,0.9323006272315979,0.6583641171455383,1.0313963890075684,0.6377835273742676,0.9311432838439941,0.6687269806861877,1.0266432762145996,0.6328182220458984,0.918687105178833,0.6638005375862122,1.0020933151245117,0.5373340249061584,0.9215047955513,0.512363612651825,0.953368067741394,0.6434162855148315,1.0342795848846436,0.6483566164970398,1.1120507717132568,0.6217308044433594,1.4085228443145752,0.5892801880836487,1.423873782157898,0.6100555062294006,1.460503101348877,0.5633925199508667,1.4719783067703247,0.6485052704811096,1.4707417488098145,0.6425784230232239,1.4913909435272217,frame_07,
,2025-07-07T14:22:27.956566,P2,,,,,,,,,,0.5599556565284729,0.31276804208755493,0.5469639301300049,0.27464544773101807,0.5444234013557434,0.2737000584602356,0.5415077209472656,0.27314794063568115,0.5452467799186707,0.27614134550094604,0.5418112277984619,0.27695900201797485,0.5370342135429382,0.27860409021377563,0.5112831592559814,0.2969609498977661,0.509529173374176,0.30058038234710693,0.5531352162361145,0.3504464626312256,0.5495350360870361,0.35385626554489136,0.5081478953361511,0.5068761706352234,0.4793606698513031,0.5365918278694153,0.5376981496810913,0.7633101344108582,0.5349406599998474,0.8443892598152161,0.6134427189826965,0.885677695274353,0.6431683897972107,0.9853461980819702,0.6344144940376282,0.9258982539176941,0.6593869924545288,1.0236701965332031,0.6386781930923462,0.9215712547302246,0.670219898223877,1.0154892206192017,0.6321353912353516,0.9124316573143005,0.6658586859703064,0.9986142516136169,0.5374929308891296,0.9368458390235901,0.5102810263633728,0.9679543375968933,0.641577959060669,1.133017897605896,0.6339685320854187,1.1490707397460938,0.6129734516143799,1.4371196031570435,0.5750267505645752,1.4934229850769043,0.5986219644546509,1.489093542098999,0.5483803749084473,1.5486003160476685,0.6434910297393799,1.5037307739257812,0.6330867409706116,1.568026065826416,frame_08,
,2025-07-07T14:22:28.043798,P2,,,,,,,,,,0.5577182173728943,0.31491291522979736,0.5446316003799438,0.27792954444885254,0.5419860482215881,0.2770274877548218,0.5390357971191406,0.2762170433998108,0.542782187461853,0.2786529064178467,0.5392419099807739,0.2789403200149536,0.5346423387527466,0.2797398567199707,0.5094473958015442,0.2958744764328003,0.5082439184188843,0.2991335391998291,0.5503253936767578,0.34972870349884033,0.5472605228424072,0.3545528054237366,0.5047664046287537,0.5028685331344604,0.4797512888908386,0.5341439247131348,0.5376614928245544,0.76435387134552,0.5364603400230408,0.8444251418113708,0.6104639768600464,0.882603108882904,0.6474826335906982,0.9850289821624756,0.6307528018951416,0.9256522059440613,0.6615378856658936,1.0227411985397339,0.6359182596206665,0.919338583946228,0.6730778217315674,1.0143756866455078,0.631797730922699,0.9106757044792175,0.6690120100975037,0.9983772039413452,0.5418605804443359,0.93035888671875,0.5184404253959656,0.962033748626709,0.646156370639801,1.1257134675979614,0.6325984597206116,1.1476844549179077,0.6293721199035645,1.4312646389007568,0.5866950154304504,1.4768513441085815,0.6167487502098083,1.4818682670593262,0.56260085105896,1.5305606126785278,0.6610238552093506,1.5014166831970215,0.6460156440734863,1.54339599609375,frame_09,
,2025-07-07T14:22:28.128242,P2,,,,,,,,,,0.5550950169563293,0.3046226501464844,0.5411621928215027,0.2693788409233093,0.5381605625152588,0.26888835430145264,0.5347946286201477,0.26901715993881226,0.5401788949966431,0.2701933979988098,0.5369865298271179,0.2708565592765808,0.5327672958374023,0.2724682092666626,0.5062362551689148,0.29671764373779297,0.506341278553009,0.29883116483688354,0.5489680767059326,0.33960455656051636,0.5469626784324646,0.34351426362991333,0.5030229091644287,0.5023104548454285,0.48410168290138245,0.5388298034667969,0.5379174947738647,0.7618951797485352,0.5385190844535828,0.8431200385093689,0.606084942817688,0.8745404481887817,0.6461014151573181,0.9877908229827881,0.6292215585708618,0.9144605994224548,0.6625251770019531,1.0229170322418213,0.6333519220352173,0.907016932964325,0.6751495599746704,1.0144516229629517,0.6285008192062378,0.9003954529762268,0.6703740358352661,0.9974175095558167,0.5314668416976929,0.9245380759239197,0.5158770680427551,0.958266019821167,0.6297420263290405,1.154761552810669,0.6175212860107422,1.165926218032837,0.6124395132064819,1.4415737390518188,0.5795614719390869,1.4756369590759277,0.6012209057807922,1.4873467683792114,0.5581687688827515,1.5282714366912842,0.6385151743888855,1.509049654006958,0.6372002959251404,1.5318026542663574,frame_10,
,2025-07-07T14:22:28.214712,P2,,,,,,,,,,0.5585348010063171,0.30056220293045044,0.5464326739311218,0.26824790239334106,0.5441552400588989,0.2687003016471863,0.5408565998077393,0.2695041000843048,0.5454922318458557,0.2691945731639862,0.5428950786590576,0.27070486545562744,0.5387847423553467,0.27295711636543274,0.5090511441230774,0.29946771264076233,0.5103609561920166,0.3028976023197174,0.552821695804596,0.33882927894592285,0.551479697227478,0.34096020460128784,0.500614583492279,0.5050894021987915,0.48211807012557983,0.5352398157119751,0.5346500873565674,0.7522976994514465,0.5328752994537354,0.8358840942382812,0.6061863303184509,0.8765556216239929,0.6430055499076843,0.9891955256462097,0.6240676641464233,0.912452757358551,0.6604935526847839,1.0216865539550781,0.6300945281982422,0.9105477929115295,0.6722111701965332,1.0179688930511475,0.6241855621337891,0.9025179743766785,0.6652879118919373,0.9983260035514832,0.5276594161987305,0.9000175595283508,0.5123993754386902,0.9206586480140686,0.6420102119445801,1.0096323490142822,0.6653237342834473,1.011592149734497,0.6012476086616516,1.3502733707427979,0.6034003496170044,1.3542251586914062,0.5843248963356018,1.3977125883102417,0.5767735838890076,1.403652310371399,0.6280606985092163,1.403916597366333,0.6540927290916443,1.4133632183074951,frame_11,
,2025-07-07T14:22:28.299525,P2,,,,,,,,,,0.5586533546447754,0.29688334465026855,0.5476459860801697,0.26508045196533203,0.5445132255554199,0.26425886154174805,0.540903627872467,0.26396965980529785,0.5460820198059082,0.2673828601837158,0.542442262172699,0.2688135504722595,0.538692831993103,0.27057844400405884,0.5103300213813782,0.2900962829589844,0.510582447052002,0.29317641258239746,0.5531713962554932,0.3329780101776123,0.5510377883911133,0.3358319401741028,0.5054276585578918,0.5098334550857544,0.47860008478164673,0.5301297903060913,0.5347083210945129,0.7517572045326233,0.5304779410362244,0.8386796116828918,0.6025674343109131,0.8739844560623169,0.6411279439926147,0.9968622922897339,0.6266490817070007,0.9122515916824341,0.6580761075019836,1.0263419151306152,0.6298180222511292,0.9098872542381287,0.6691838502883911,1.022471308708191,0.6237881779670715,0.903354287147522,0.6626880168914795,1.0032570362091064,0.5369828343391418,0.9105052351951599,0.5079854726791382,0.945392370223999,0.6522216796875,0.9959684014320374,0.6597232818603516,1.0547784566879272,0.611401379108429,1.3753485679626465,0.5866223573684692,1.4099442958831787,0.5950908064842224,1.4243923425674438,0.5612825155258179,1.464264988899231,0.6349572539329529,1.445180892944336,0.6391746997833252,1.4611785411834717,frame_12,
,2025-07-07T14:22:28.400066,P2,,,,,,,,,,0.557451605796814,0.2967754602432251,0.546990156173706,0.2657128572463989,0.5440531373023987,0.2653414011001587,0.5407912731170654,0.2656064033508301,0.5459705591201782,0.26674985885620117,0.5424041152000427,0.26778990030288696,0.538761556148529,0.26962053775787354,0.5102967619895935,0.29211676120758057,0.5109854340553284,0.29444676637649536,0.551566481590271,0.3378053605556488,0.5487484931945801,0.33979758620262146,0.5057823061943054,0.511207103729248,0.479275643825531,0.5302068591117859,0.5348033308982849,0.7559505105018616,0.5345233082771301,0.839959442615509,0.6059162020683289,0.8804944157600403,0.6429371237754822,0.9890748858451843,0.6244866251945496,0.9108513593673706,0.6620252132415771,1.0224950313568115,0.6290091872215271,0.90904301404953,0.6732244491577148,1.0126091241836548,0.6232094764709473,0.899230420589447,0.6668674945831299,0.9957465529441833,0.5357742309570312,0.9045521020889282,0.5131593942642212,0.9274065494537354,0.6374073028564453,1.1056621074676514,0.6597576141357422,1.0720460414886475,0.6033608913421631,1.4013272523880005,0.5864160060882568,1.4109054803848267,0.5880802869796753,1.4509340524673462,0.5612726807594299,1.4621450901031494,0.629595935344696,1.466171383857727,0.6365192532539368,1.4727925062179565,frame_13,
,2025-07-07T14:22:28.491051,P2,,,,,,,,,,0.556538999080658,0.30214840173721313,0.5427215695381165,0.2700204849243164,0.5398330688476562,0.26967447996139526,0.5362821817398071,0.2699081301689148,0.5419163703918457,0.2722887396812439,0.5390598773956299,0.2738078832626343,0.5350155234336853,0.2757608890533447,0.5064787268638611,0.2973337769508362,0.5079699754714966,0.30020058155059814,0.5512087345123291,0.3370888829231262,0.5485070943832397,0.3424080014228821,0.5027418732643127,0.5048171281814575,0.4823610186576843,0.5394793152809143,0.5342851877212524,0.760522723197937,0.5330381989479065,0.8419913649559021,0.6110520958900452,0.879731297492981,0.6433819532394409,0.990125298500061,0.6288548707962036,0.9147678017616272,0.6583483815193176,1.0264146327972412,0.6335152983665466,0.911603569984436,0.6695225238800049,1.01557195186615,0.628142237663269,0.9014765620231628,0.6645876169204712,0.9988604784011841,0.5306898355484009,0.9331434369087219,0.5163207054138184,0.9651063084602356,0.6264523863792419,1.148665189743042,0.6259856820106506,1.1502234935760498,0.6158729195594788,1.4510843753814697,0.5778736472129822,1.477262258529663,0.6050835251808167,1.50176203250885,0.5538668632507324,1.5308324098587036,0.6456522345542908,1.5178704261779785,0.6337858438491821,1.5429041385650635,frame_14,
,2025-07-07T14:22:28.577868,P2,,,,,,,,,,0.5576235055923462,0.2966066598892212,0.5448972582817078,0.2632584571838379,0.5417745113372803,0.26299065351486206,0.5384611487388611,0.2632213830947876,0.5434888601303101,0.26537036895751953,0.5402752161026001,0.2670223116874695,0.5368548035621643,0.26917564868927,0.5083972215652466,0.2914758324623108,0.5090285539627075,0.2934575080871582,0.5513225197792053,0.33572274446487427,0.5493237376213074,0.3377944827079773,0.5047653317451477,0.5101617574691772,0.48214560747146606,0.5293822884559631,0.5391464829444885,0.7617278099060059,0.5340818166732788,0.8411033749580383,0.6112411618232727,0.8766587376594543,0.6443672776222229,0.9925605058670044,0.6320713758468628,0.9154680967330933,0.6612682342529297,1.0357192754745483,0.6370143294334412,0.9113762974739075,0.6731376051902771,1.0274397134780884,0.6301758885383606,0.9025781154632568,0.6677064299583435,1.007548451423645,0.5370427370071411,0.931196928024292,0.5140233039855957,0.9643908739089966,0.6364085078239441,1.1304436922073364,0.6474205255508423,1.1363530158996582,0.6049118041992188,1.4388651847839355,0.58649742603302,1.472048282623291,0.5905234813690186,1.4898666143417358,0.5612423419952393,1.5292744636535645,0.6301586031913757,1.5068695545196533,0.6356794834136963,1.5353033542633057,frame_15,
,2025-07-07T14:22:28.663273,P2,,,,,,,,,,0.5545085668563843,0.29381245374679565,0.5438210368156433,0.2631564736366272,0.5408293008804321,0.26295721530914307,0.5372442007064819,0.2633095383644104,0.5429945588111877,0.26475656032562256,0.5395047068595886,0.2659144401550293,0.5355000495910645,0.2677026391029358,0.5057448148727417,0.2901124954223633,0.5062943696975708,0.29249662160873413,0.5494794845581055,0.33358490467071533,0.547438383102417,0.3355393409729004,0.5048726201057434,0.5118824243545532,0.47874975204467773,0.5290969610214233,0.5368973016738892,0.7585660219192505,0.5323786735534668,0.8407979607582092,0.6067573428153992,0.878263533115387,0.6419296860694885,0.9942542314529419,0.6286244988441467,0.9136190414428711,0.6603952050209045,1.0299230813980103,0.6338686943054199,0.9107224345207214,0.6711214184761047,1.0218315124511719,0.6266779899597168,0.904154360294342,0.6648297905921936,1.0043286085128784,0.5415922999382019,0.9224004745483398,0.5084818601608276,0.9538202285766602,0.6516679525375366,1.107085108757019,0.621741533279419,1.161469578742981,0.6054328680038452,1.4198144674301147,0.5712772011756897,1.4776194095611572,0.5885010361671448,1.4666006565093994,0.5500194430351257,1.5346696376800537,0.6239063739776611,1.5014092922210693,0.6185582280158997,1.53139066696167,frame_16,
,2025-07-07T14:22:28.749109,P2,,,,,,,,,,0.5535523891448975,0.2893354892730713,0.5423368811607361,0.2603253722190857,0.5394684672355652,0.2600897550582886,0.5358767509460449,0.26041078567504883,0.5415533781051636,0.2619802951812744,0.5382327437400818,0.2631135582923889,0.5342265367507935,0.2649562954902649,0.505110502243042,0.2893316149711609,0.5065304040908813,0.2911442518234253,0.5492454171180725,0.3283003866672516,0.54716956615448,0.3300246000289917,0.5020723342895508,0.5089980363845825,0.4796685576438904,0.5308035612106323,0.5356089472770691,0.7597089409828186,0.5343266725540161,0.8386710286140442,0.6061644554138184,0.8876003623008728,0.6432757377624512,0.9916693568229675,0.6255043148994446,0.9189415574073792,0.6611928939819336,1.0303034782409668,0.6312994956970215,0.9135414361953735,0.6729631423950195,1.0244314670562744,0.6253074407577515,0.9086692929267883,0.6674875020980835,1.0043246746063232,0.5389077067375183,0.9119164943695068,0.5120822191238403,0.9448506832122803,0.6475135684013367,1.0936260223388672,0.6551070213317871,1.119400143623352,0.6040776968002319,1.4096498489379883,0.5907110571861267,1.437267780303955,0.5869404077529907,1.4612864255905151,0.5642997622489929,1.4925296306610107,0.6277085542678833,1.4782670736312866,0.6414326429367065,1.494044303894043,frame_17,
,2025-07-07T14:22:28.835270,P2,,,,,,,,,,0.5525665283203125,0.29700642824172974,0.5407211780548096,0.2666109800338745,0.5376775860786438,0.26644986867904663,0.5342320799827576,0.26667165756225586,0.5389769673347473,0.2690730094909668,0.5357658863067627,0.2710191607475281,0.5320952534675598,0.2731485366821289,0.5045517683029175,0.295304536819458,0.5050328969955444,0.29795145988464355,0.548700213432312,0.3307383060455322,0.5456826686859131,0.33497393131256104,0.5025606155395508,0.5092854499816895,0.4787084460258484,0.528967022895813,0.5355530977249146,0.7602550983428955,0.530633807182312,0.8359484076499939,0.6129977703094482,0.8816006779670715,0.6428452134132385,0.9933769106864929,0.6337155699729919,0.9182555079460144,0.6610817313194275,1.0316970348358154,0.6380115747451782,0.9159559607505798,0.6717813611030579,1.0270698070526123,0.6321357488632202,0.9085268378257751,0.6656955480575562,1.0076013803482056,0.5397393107414246,0.9153997898101807,0.5115955471992493,0.9519200921058655,0.6553708910942078,1.0069783926010132,0.6450183391571045,1.1286771297454834,0.6081123948097229,1.3913650512695312,0.5865707397460938,1.4449069499969482,0.590997040271759,1.4393614530563354,0.5623394846916199,1.5011396408081055,0.626319408416748,1.465269923210144,0.632265567779541,1.4976805448532104,frame_18,
,2025-07-07T14:22:28.927821,P2,,,,,,,,,,0.5527260899543762,0.2925260663032532,0.5411814451217651,0.2608610987663269,0.5378834009170532,0.26033973693847656,0.5341055989265442,0.2602301239967346,0.5401228666305542,0.26261192560195923,0.5364955067634583,0.26374179124832153,0.5327425003051758,0.26545900106430054,0.503731369972229,0.28615039587020874,0.5043638348579407,0.28853392601013184,0.5475021004676819,0.3303000330924988,0.5454199314117432,0.33216750621795654,0.5026694536209106,0.5053977966308594,0.48129868507385254,0.5274507999420166,0.5392770767211914,0.7588950395584106,0.5328282117843628,0.8369871973991394,0.6159289479255676,0.8821161985397339,0.6439341306686401,0.9893249273300171,0.6325977444648743,0.9195665717124939,0.6603304147720337,1.0319931507110596,0.6385272145271301,0.9164205193519592,0.67189621925354,1.0255547761917114,0.6328511238098145,0.9079142212867737,0.6662558317184448,1.0041753053665161,0.536017894744873,0.9209388494491577,0.5146436095237732,0.9536499977111816,0.626411497592926,1.0636626482009888,0.663780152797699,1.1025056838989258,0.6076916456222534,1.4164519309997559,0.601625919342041,1.433639407157898,0.5943171381950378,1.4683196544647217,0.575124979019165,1.48587167263031,0.6340765953063965,1.4829440116882324,0.6511730551719666,1.5033917427062988,frame_19,
,2025-07-07T14:22:29.013001,P2,,,,,,,,,,0.5536549687385559,0.3000580668449402,0.5399841070175171,0.26837700605392456,0.5366772413253784,0.26783251762390137,0.532759964466095,0.26794904470443726,0.5388082265853882,0.2705574631690979,0.535646378993988,0.2718523144721985,0.5313056111335754,0.2735394835472107,0.502260684967041,0.29457056522369385,0.5033969879150391,0.2966633439064026,0.54691481590271,0.3348390460014343,0.5450570583343506,0.3399485945701599,0.49960094690322876,0.504523515701294,0.48183998465538025,0.5382039546966553,0.5298309922218323,0.7652252912521362,0.5341402888298035,0.8447484374046326,0.6037062406539917,0.8747590780258179,0.6432051062583923,0.9885132908821106,0.6260972023010254,0.9127397537231445,0.6601122617721558,1.0226997137069702,0.6313055157661438,0.9057948589324951,0.6704585552215576,1.011639952659607,0.6234988570213318,0.8981192708015442,0.6656100153923035,0.995440661907196,0.5265448093414307,0.9361113905906677,0.5206005573272705,0.9650045037269592,0.6172301173210144,1.1597353219985962,0.6244708299636841,1.1625006198883057,0.6094404458999634,1.4597092866897583,0.5774336457252502,1.4906353950500488,0.5985453724861145,1.5080987215042114,0.5541737675666809,1.5421733856201172,0.6414276361465454,1.5296165943145752,0.6313510537147522,1.5591652393341064,frame_20,
,2025-07-07T14:22:29.098256,P2,,,,,,,,,,0.5552752614021301,0.3062291145324707,0.5417181253433228,0.273235023021698,0.5390532612800598,0.27278971672058105,0.5357610583305359,0.2724338173866272,0.540663480758667,0.2752774953842163,0.5379841327667236,0.2765333652496338,0.5340985059738159,0.2779023051261902,0.5056866407394409,0.2973247170448303,0.5071213245391846,0.29890352487564087,0.5470976829528809,0.3437590003013611,0.5452539324760437,0.3454968333244324,0.5009689331054688,0.5055471658706665,0.4800844192504883,0.5380908846855164,0.5304696559906006,0.7663724422454834,0.5333119630813599,0.8470625281333923,0.6042989492416382,0.8743844628334045,0.6445749402046204,0.9922432899475098,0.6291968822479248,0.9115487933158875,0.6630253195762634,1.0244826078414917,0.6340786814689636,0.9060611128807068,0.6739242076873779,1.0092331171035767,0.6277931928634644,0.8991763591766357,0.6687077879905701,0.9978217482566833,0.5238629579544067,0.9414390325546265,0.5158501267433167,0.9697337746620178,0.6162498593330383,1.1758593320846558,0.6369208097457886,1.147339105606079,0.6003538370132446,1.486147165298462,0.5847647190093994,1.4949474334716797,0.5880060791969299,1.539846658706665,0.5591714382171631,1.5532456636428833,0.635376513004303,1.5478596687316895,0.6430401802062988,1.5599031448364258,frame_21,
,2025-07-07T14:22:29.183433,P2,,,,,,,,,,0.560593843460083,0.2953752875328064,0.548584520816803,0.2643026113510132,0.5458067059516907,0.26350343227386475,0.5423429012298584,0.26324713230133057,0.5477550029754639,0.26633697748184204,0.5445486903190613,0.2672831416130066,0.5406818389892578,0.268799364566803,0.5108621716499329,0.29295605421066284,0.5118581652641296,0.29525917768478394,0.5555355548858643,0.3332439064979553,0.5545042753219604,0.335279643535614,0.5087763667106628,0.515816330909729,0.48282259702682495,0.5312694311141968,0.5376533269882202,0.7637220025062561,0.5301069617271423,0.8433454632759094,0.6041701436042786,0.8849021792411804,0.6393826007843018,0.995489776134491,0.6274604797363281,0.9196751713752747,0.6574366092681885,1.0338096618652344,0.6336231231689453,0.9175267815589905,0.668413519859314,1.0251604318618774,0.6256833672523499,0.9118717908859253,0.6632614731788635,1.0076243877410889,0.5411598086357117,0.915448009967804,0.5085515975952148,0.9530741572380066,0.648419976234436,1.0020878314971924,0.6211171746253967,1.1453533172607422,0.6062170267105103,1.3887476921081543,0.5718600749969482,1.4468616247177124,0.5896515250205994,1.4352147579193115,0.5496900081634521,1.499455451965332,0.623488187789917,1.4673818349838257,0.621181309223175,1.4996120929718018,frame_22,
,2025-07-07T14:22:29.269800,P2,,,,,,,,,,0.5773202776908875,0.3123612701892853,0.5659588575363159,0.27692657709121704,0.5637641549110413,0.27650201320648193,0.5606675148010254,0.2760258913040161,0.5644469857215881,0.2786320447921753,0.5616349577903748,0.27970391511917114,0.5572099685668945,0.28112971782684326,0.5265285968780518,0.2987772822380066,0.5273149013519287,0.3023214340209961,0.5709806084632874,0.3486080467700958,0.5683964490890503,0.35045725107192993,0.5136619806289673,0.5104652643203735,0.4968884587287903,0.537490963935852,0.5352115631103516,0.7674837112426758,0.5404035449028015,0.8437083959579468,0.602020263671875,0.8749130964279175,0.6432955861091614,0.9946650266647339,0.6236484050750732,0.9066895246505737,0.6622495055198669,1.028655767440796,0.6273261308670044,0.9023884534835815,0.67522794008255,1.0174877643585205,0.6210781931877136,0.894783079624176,0.6688120365142822,1.0029239654541016,0.5273868441581726,0.9165342450141907,0.5178545713424683,0.9365304112434387,0.6167204976081848,1.1221442222595215,0.6698301434516907,1.040715217590332,0.5871754288673401,1.4051004648208618,0.5924363136291504,1.3952257633209229,0.5723162293434143,1.4548124074935913,0.5646577477455139,1.4414119720458984,0.6181742548942566,1.4604768753051758,0.6362768411636353,1.4651849269866943,frame_23,
,2025-07-07T14:22:29.359310,P2,,,,,,,,,,0.601071298122406,0.3227013349533081,0.5917620658874512,0.2860640287399292,0.5888043642044067,0.2848427891731262,0.5856055617332458,0.28423959016799927,0.5906686782836914,0.28783053159713745,0.5877383947372437,0.2880220413208008,0.5842235684394836,0.28844213485717773,0.5539419054985046,0.2995305061340332,0.5545878410339355,0.301196813583374,0.5907345414161682,0.3647894859313965,0.5891050696372986,0.3643260598182678,0.5331501364707947,0.5191130638122559,0.5087904334068298,0.5306957960128784,0.5454786419868469,0.7621338963508606,0.5397465825080872,0.8475056290626526,0.6141180396080017,0.8745176792144775,0.6484976410865784,0.9968166947364807,0.6317981481552124,0.9114453792572021,0.6627404093742371,1.0340592861175537,0.6360735893249512,0.9079499244689941,0.6759001016616821,1.0268163681030273,0.6317077875137329,0.9000943303108215,0.6708986759185791,1.0052374601364136,0.5386101603507996,0.921052098274231,0.5118616819381714,0.9530449509620667,0.6402908563613892,1.0404131412506104,0.6705136895179749,1.0524288415908813,0.60310298204422,1.3945777416229248,0.5969265699386597,1.4039901494979858,0.5843221545219421,1.4452427625656128,0.5680454969406128,1.452340841293335,0.6388899683952332,1.4585402011871338,0.6456473469734192,1.4741450548171997,frame_24,
,2025-07-07T14:22:29.445812,P2,,,,,,,,,,0.6133536100387573,0.3245287537574768,0.6043891906738281,0.28844940662384033,0.6010399460792542,0.2865109443664551,0.5973610877990723,0.28515350818634033,0.603258490562439,0.29004335403442383,0.5993257761001587,0.28935402631759644,0.5953633785247803,0.2892953157424927,0.56581711769104,0.2992582321166992,0.5662892460823059,0.301088809967041,0.6030272245407104,0.36179274320602417,0.602039098739624,0.36168336868286133,0.5357285141944885,0.5133930444717407,0.5200741291046143,0.53428715467453,0.5488119125366211,0.7786713242530823,0.5494557619094849,0.857298731803894,0.6173303127288818,0.8932697772979736,0.6544789671897888,0.9974867105484009,0.6366686224937439,0.9344805479049683,0.668081521987915,1.0323861837387085,0.6433444023132324,0.930237889289856,0.6787356734275818,1.0292117595672607,0.6350610256195068,0.9205039739608765,0.6729691028594971,1.008763074874878,0.5338326692581177,0.9466464519500732,0.5200067758560181,0.9766507744789124,0.6276869773864746,1.1479151248931885,0.6278469562530518,1.188044548034668,0.5843231081962585,1.433029055595398,0.5604838132858276,1.52878999710083,0.5677124261856079,1.479396939277649,0.5318110585212708,1.5843583345413208,0.6083917617797852,1.50429105758667,0.6202561259269714,1.6036489009857178,frame_25,
,2025-07-07T14:22:29.532669,P2,,,,,,,,,,0.6395911574363708,0.3438803553581238,0.6306639313697815,0.3047597408294678,0.6283552646636963,0.30347663164138794,0.6254106163978577,0.3021366596221924,0.6299296617507935,0.3059408664703369,0.627151370048523,0.30569446086883545,0.6228556632995605,0.3050471544265747,0.5951744914054871,0.3130336403846741,0.5946238040924072,0.3157895803451538,0.6269571781158447,0.373330295085907,0.6256019473075867,0.3754439353942871,0.5607181191444397,0.5134614706039429,0.5422302484512329,0.5394699573516846,0.557857096195221,0.781154453754425,0.5589866638183594,0.8611406683921814,0.6221211552619934,0.8947035670280457,0.6597267389297485,0.9919297695159912,0.6405172348022461,0.9275175929069519,0.6742583513259888,1.0303840637207031,0.6455838680267334,0.9239529967308044,0.6872382760047913,1.0248662233352661,0.6390151977539062,0.9129644632339478,0.6817110776901245,1.0032804012298584,0.5415892004966736,0.943739652633667,0.5173143744468689,0.9791194200515747,0.6592063903808594,1.1083111763000488,0.6691219806671143,1.1443294286727905,0.5933114290237427,1.374302625656128,0.5595970153808594,1.4766113758087158,0.5716268420219421,1.4194540977478027,0.5227508544921875,1.5271015167236328,0.6134403944015503,1.432512879371643,0.6061538457870483,1.562590479850769,frame_26,
,2025-07-07T14:22:29.620640,P2,,,,,,,,,,0.6645758152008057,0.3602197766304016,0.6574887633323669,0.32312440872192383,0.6549785137176514,0.3209913969039917,0.6524456739425659,0.31855541467666626,0.6555393934249878,0.3230684995651245,0.6525607109069824,0.3219330906867981,0.6486753225326538,0.3199542760848999,0.6225934624671936,0.31950104236602783,0.6201410889625549,0.32105112075805664,0.6496248841285706,0.38989099860191345,0.6468775868415833,0.39040255546569824,0.5678685307502747,0.5084406137466431,0.5624513626098633,0.525991678237915,0.5580793023109436,0.7697252035140991,0.5625255703926086,0.8574506044387817,0.6228049993515015,0.8979730606079102,0.6606760621070862,0.9776487350463867,0.639491081237793,0.936619758605957,0.6753914952278137,1.0142245292663574,0.6507247090339661,0.9345006942749023,0.6859944462776184,1.009031891822815,0.6450724005699158,0.9230965375900269,0.6799566745758057,0.9885607957839966,0.5532940626144409,0.949151337146759,0.5286651849746704,0.9811249375343323,0.6590478420257568,1.1294807195663452,0.660246729850769,1.1823474168777466,0.5903892517089844,1.4154266119003296,0.5449239611625671,1.539189100265503,0.5704469084739685,1.461369276046753,0.5040543079376221,1.5891945362091064,0.6012938618659973,1.4828455448150635,0.6018136739730835,1.6384748220443726,frame_27,
,2025-07-07T14:22:29.706547,P2,,,,,,,,,,0.6732485890388489,0.366775244474411,0.6678260564804077,0.33258765935897827,0.6646111011505127,0.33011525869369507,0.6611940264701843,0.3274577260017395,0.6660645604133606,0.3323536515235901,0.6622101664543152,0.3304303288459778,0.6586452722549438,0.32876408100128174,0.6311345100402832,0.3268749713897705,0.6304020881652832,0.32893872261047363,0.6590409874916077,0.39358729124069214,0.6561908721923828,0.39536577463150024,0.573218822479248,0.5069872736930847,0.5719034671783447,0.5285534858703613,0.5612283945083618,0.7779868841171265,0.5710559487342834,0.857643187046051,0.6147695183753967,0.8946956992149353,0.6591368913650513,0.9785255193710327,0.6310078501701355,0.9271794557571411,0.6740715503692627,1.0195815563201904,0.6378411054611206,0.927801787853241,0.6856070160865784,1.0102248191833496,0.6350348591804504,0.9149970412254333,0.678352952003479,0.9850785136222839,0.54783034324646,0.9393863081932068,0.5340990424156189,0.9673182964324951,0.6483088135719299,1.164876103401184,0.671934187412262,1.1712450981140137,0.5716337561607361,1.4398491382598877,0.5488170981407166,1.4907233715057373,0.5514394044876099,1.4823392629623413,0.5122136473655701,1.5365411043167114,0.5755462646484375,1.5061582326889038,0.5847206115722656,1.577023983001709,frame_28,
,2025-07-07T14:22:29.792461,P2,,,,,,,,,,0.6928566694259644,0.3777899146080017,0.6872639060020447,0.3444303870201111,0.684140682220459,0.34172195196151733,0.680295467376709,0.3387479782104492,0.6867642402648926,0.3453328013420105,0.6839051842689514,0.34383082389831543,0.6801624298095703,0.34174132347106934,0.6503655910491943,0.33638548851013184,0.6532049179077148,0.3396911025047302,0.6765018701553345,0.40750059485435486,0.6760314106941223,0.4109121561050415,0.5787378549575806,0.5076253414154053,0.5907781720161438,0.5358062386512756,0.5560198426246643,0.774926483631134,0.57695072889328,0.8596635460853577,0.6116925477981567,0.8994500637054443,0.66604083776474,0.9767690300941467,0.6288564205169678,0.9321123957633972,0.6732696890830994,1.018257975578308,0.640125572681427,0.9243984818458557,0.6870978474617004,1.012123703956604,0.6328738331794739,0.9102019667625427,0.680587887763977,0.9842591881752014,0.5408098697662354,0.9350506067276001,0.5393921136856079,0.9669380187988281,0.6427117586135864,1.1717467308044434,0.669857382774353,1.180417776107788,0.56612628698349,1.4366651773452759,0.5407606959342957,1.4829100370407104,0.5458780527114868,1.4771944284439087,0.5015106797218323,1.5212013721466064,0.5677809715270996,1.493212342262268,0.5777379870414734,1.5727074146270752,frame_29,
,2025-07-07T14:22:29.878043,P2,,,,,,,,,,0.7087669968605042,0.3989223837852478,0.7039863467216492,0.3621043860912323,0.7011544108390808,0.35915064811706543,0.6975112557411194,0.3554791808128357,0.703407883644104,0.36243245005607605,0.7006322145462036,0.36022377014160156,0.6968597173690796,0.3572695851325989,0.6649581789970398,0.34942203760147095,0.6685287356376648,0.35354292392730713,0.6924402713775635,0.4224333167076111,0.6914889216423035,0.42554938793182373,0.594775378704071,0.5068181753158569,0.6045179963111877,0.5400300025939941,0.5573413372039795,0.7585471868515015,0.579797625541687,0.862761378288269,0.6242538094520569,0.9125775694847107,0.6563549637794495,0.9668973088264465,0.6364866495132446,0.9189814925193787,0.6616712808609009,0.9937806725502014,0.64052814245224,0.9087050557136536,0.6803120374679565,0.9848002195358276,0.6371729373931885,0.8994072675704956,0.6689826846122742,0.9621276259422302,0.5467507243156433,0.9258332252502441,0.5367560982704163,0.9558601379394531,0.638606071472168,1.1546499729156494,0.6528408527374268,1.175827980041504,0.5607486963272095,1.3720014095306396,0.5162845253944397,1.4213895797729492,0.5390403866767883,1.4046766757965088,0.47675570845603943,1.4479941129684448,0.567550003528595,1.4219458103179932,0.55143803358078,1.5121965408325195,frame_30,
,2025-07-07T14:22:29.969526,P2,,,,,,,,,,0.7215234637260437,0.4116649329662323,0.7180094122886658,0.36948829889297485,0.7156283259391785,0.36643481254577637,0.71291184425354,0.3632197380065918,0.7175954580307007,0.36999762058258057,0.7151147127151489,0.3678490221500397,0.712006688117981,0.3651067614555359,0.6823903322219849,0.3577594757080078,0.683224081993103,0.3599323630332947,0.7060497999191284,0.4323706030845642,0.7053293585777283,0.43415558338165283,0.6052103042602539,0.504724383354187,0.6199508905410767,0.5403594970703125,0.5608412027359009,0.7362762689590454,0.5851981043815613,0.8719030022621155,0.6211657524108887,0.8536252379417419,0.6761428713798523,0.984717071056366,0.6304556131362915,0.8656005263328552,0.678723931312561,1.0276588201522827,0.6289983987808228,0.868267834186554,0.6972683668136597,1.0262784957885742,0.6390175819396973,0.8535264134407043,0.6918820142745972,0.9959642887115479,0.5463595986366272,0.928587794303894,0.5363896489143372,0.9623152613639832,0.6230332255363464,1.208040475845337,0.6240223050117493,1.2035808563232422,0.5328719019889832,1.4416981935501099,0.4957101345062256,1.487903118133545,0.513674795627594,1.4737896919250488,0.4536224901676178,1.5243173837661743,0.5193642973899841,1.4900760650634766,0.5451890826225281,1.5769129991531372,frame_31,
,2025-07-07T14:22:30.056387,P2,,,,,,,,,,0.7296613454818726,0.41955217719078064,0.7257137894630432,0.3809283375740051,0.7228676080703735,0.3772743344306946,0.7200590372085571,0.3735637664794922,0.7250527739524841,0.38150304555892944,0.7218413949012756,0.3786751329898834,0.7186787128448486,0.3758147656917572,0.6926255822181702,0.36401981115341187,0.6930493712425232,0.3678566515445709,0.7129653096199036,0.43910616636276245,0.7123342752456665,0.4401817321777344,0.6124591827392578,0.5085813999176025,0.624309241771698,0.5374835133552551,0.5639002323150635,0.7619397640228271,0.5859347581863403,0.8697161078453064,0.6245852708816528,0.9140113592147827,0.6674906611442566,0.9784011244773865,0.6300565600395203,0.914943277835846,0.6736020445823669,1.0137474536895752,0.6398993134498596,0.9079248309135437,0.6887673139572144,1.002027988433838,0.6382865309715271,0.8987669944763184,0.6832698583602905,0.9783656597137451,0.5542393326759338,0.934661328792572,0.5430647134780884,0.964582085609436,0.6265722513198853,1.2205653190612793,0.631226122379303,1.222260594367981,0.558022141456604,1.4548752307891846,0.5092092752456665,1.4990452527999878,0.5408385992050171,1.4924428462982178,0.467904657125473,1.5363647937774658,0.5550808906555176,1.5012037754058838,0.5605955123901367,1.5891029834747314,frame_32,
,2025-07-07T14:22:30.144488,P2,,,,,,,,,,0.7468462586402893,0.42115318775177,0.741682767868042,0.3860744833946228,0.7385748624801636,0.38313591480255127,0.7355494499206543,0.3803040087223053,0.7418054938316345,0.3876999616622925,0.7390169501304626,0.3860377073287964,0.7362469434738159,0.38432249426841736,0.7073765993118286,0.37098228931427,0.7109909057617188,0.37572938203811646,0.726889967918396,0.45031675696372986,0.7270879745483398,0.449468195438385,0.62074875831604,0.5108076333999634,0.6377881765365601,0.5481288433074951,0.5691985487937927,0.7754801511764526,0.5937938094139099,0.8645681738853455,0.6269198656082153,0.9241718649864197,0.6764658093452454,0.9867965579032898,0.6375054121017456,0.9336334466934204,0.6806663274765015,1.0302151441574097,0.6453376412391663,0.9209568500518799,0.6969106793403625,1.0280412435531616,0.6427202820777893,0.9119409918785095,0.6927037239074707,0.9978440403938293,0.5554078221321106,0.9293355941772461,0.5532273650169373,0.9685418009757996,0.6285274028778076,1.2156983613967896,0.6486679315567017,1.2248449325561523,0.5497518181800842,1.474496841430664,0.5225347876548767,1.4891767501831055,0.5313628315925598,1.5132771730422974,0.4815964102745056,1.521738886833191,0.5430691242218018,1.535854458808899,0.5642247200012207,1.5784144401550293,frame_33,
,2025-07-07T14:22:30.230940,P2,,,,,,,,,,0.7594585418701172,0.4445059895515442,0.7561739087104797,0.41133010387420654,0.7534748911857605,0.4082685112953186,0.7506732940673828,0.40504804253578186,0.7561847567558289,0.4133818745613098,0.7538172602653503,0.41199249029159546,0.7513842582702637,0.41010162234306335,0.7250150442123413,0.393952339887619,0.7287402153015137,0.3999558687210083,0.7395405173301697,0.46871283650398254,0.7399924397468567,0.4689452648162842,0.6333116292953491,0.5148415565490723,0.652677595615387,0.5493648052215576,0.5766070485115051,0.7607749700546265,0.6052239537239075,0.8603197932243347,0.6201703548431396,0.8893401026725769,0.6808627247810364,0.9886100888252258,0.639091432094574,0.9295646548271179,0.6858068704605103,1.0288968086242676,0.6441714763641357,0.9166334271430969,0.6987127661705017,1.0200841426849365,0.6410340070724487,0.9104758501052856,0.694141149520874,0.9945023655891418,0.5421966314315796,0.9052359461784363,0.5523589253425598,0.9373407363891602,0.6545270085334778,1.0219662189483643,0.699098527431488,1.0934090614318848,0.5258561968803406,1.2402851581573486,0.5530275106430054,1.2719571590423584,0.4977746903896332,1.2532789707183838,0.5149940252304077,1.2792906761169434,0.5133733153343201,1.2917673587799072,0.5708068609237671,1.3587794303894043,frame_34,
,2025-07-07T14:22:30.316778,P2,,,,,,,,,,0.7746270298957825,0.45270872116088867,0.7716225981712341,0.4193298816680908,0.7687162160873413,0.41583773493766785,0.7657603025436401,0.4122433662414551,0.7723828554153442,0.4221525490283966,0.7703933715820312,0.4210330545902252,0.7682977914810181,0.4194434583187103,0.7400012016296387,0.40266481041908264,0.7463942170143127,0.4106962978839874,0.7563912272453308,0.4773353934288025,0.7574690580368042,0.4772297441959381,0.6476036906242371,0.5178655385971069,0.6656030416488647,0.5568832159042358,0.6002580523490906,0.7645920515060425,0.6094852089881897,0.865044891834259,0.6279562711715698,0.8835777044296265,0.6923311352729797,0.9939615726470947,0.6437032222747803,0.9248040914535522,0.7064443230628967,1.0566761493682861,0.6486618518829346,0.9123199582099915,0.7116929292678833,1.038645625114441,0.647223174571991,0.9051933884620667,0.7060461044311523,1.0029696226119995,0.5541067719459534,0.8997050523757935,0.5596470832824707,0.9337434768676758,0.664537250995636,1.0109515190124512,0.7012935876846313,1.0792596340179443,0.5334451794624329,1.2029426097869873,0.5417823791503906,1.2260717153549194,0.5051594376564026,1.2114763259887695,0.5045641660690308,1.2260522842407227,0.5197907090187073,1.2580723762512207,0.545792818069458,1.3169772624969482,frame_35,
,2025-07-07T14:22:30.402800,P2,,,,,,,,,,0.7810657620429993,0.47491076588630676,0.7795266509056091,0.4402221143245697,0.776926577091217,0.4367821514606476,0.7740907073020935,0.433162659406662,0.7793869972229004,0.441805362701416,0.7771027088165283,0.4398638904094696,0.7746248245239258,0.4374004900455475,0.7479196190834045,0.41997841000556946,0.7513645887374878,0.42503705620765686,0.7607426643371582,0.49742385745048523,0.7614617943763733,0.49728530645370483,0.6533117294311523,0.5246174335479736,0.6759549379348755,0.5590506196022034,0.5970044732093811,0.7555045485496521,0.6146522760391235,0.8704118728637695,0.6217061877250671,0.867205023765564,0.6996775269508362,1.0067639350891113,0.6330084800720215,0.9054008722305298,0.7088401317596436,1.0740227699279785,0.6438841819763184,0.8978574872016907,0.7203341722488403,1.0595030784606934,0.6432642936706543,0.8944748640060425,0.7150322794914246,1.0223798751831055,0.5560389757156372,0.8934680223464966,0.5626248121261597,0.9291910529136658,0.6465548872947693,1.091822862625122,0.6969340443611145,1.0773628950119019,0.5566228032112122,1.2602652311325073,0.5535818338394165,1.2447940111160278,0.5336440801620483,1.2767266035079956,0.5178555846214294,1.2490615844726562,0.5501889586448669,1.322816014289856,0.5652273297309875,1.3485796451568604,frame_36,
,2025-07-07T14:22:30.488218,P2,,,,,,,,,,0.7946073412895203,0.49576276540756226,0.7923319339752197,0.4586377441883087,0.7895480394363403,0.4542441964149475,0.7867969870567322,0.4498831033706665,0.7929840087890625,0.461134672164917,0.7909094095230103,0.4589410126209259,0.788914680480957,0.4564112424850464,0.7639668583869934,0.4355967938899994,0.7679356336593628,0.4416848421096802,0.7735556960105896,0.5134986639022827,0.774553120136261,0.5140705108642578,0.6583265066146851,0.523012638092041,0.6903246641159058,0.5705463886260986,0.5766152143478394,0.7061548829078674,0.613299548625946,0.8749912977218628,0.6127944588661194,0.8147820234298706,0.6974431276321411,0.999786376953125,0.6158466339111328,0.8196828365325928,0.70833420753479,1.05687415599823,0.6313436627388,0.8031044602394104,0.7165250182151794,1.0431941747665405,0.6314408183097839,0.8198477029800415,0.7113064527511597,1.0127604007720947,0.5493797063827515,0.8963795900344849,0.5625146627426147,0.940801739692688,0.6326677799224854,1.1062403917312622,0.6738526225090027,1.1431626081466675,0.5217024683952332,1.2673804759979248,0.5130116939544678,1.226190209388733,0.49822887778282166,1.2846059799194336,0.4806175231933594,1.2090072631835938,0.5014985799789429,1.3079246282577515,0.5014338493347168,1.308390498161316,frame_37,
,2025-07-07T14:22:30.574974,P2,,,,,,,,,,0.7975966930389404,0.5249360203742981,0.799153208732605,0.48874741792678833,0.796887993812561,0.48418548703193665,0.7944085597991943,0.47941961884498596,0.7998087406158447,0.4901740252971649,0.7982941269874573,0.4871644675731659,0.7966693043708801,0.48371246457099915,0.773350715637207,0.4604676067829132,0.7763137817382812,0.4647828936576843,0.7775602340698242,0.5370723009109497,0.7785660028457642,0.5372151136398315,0.6721403002738953,0.5240432024002075,0.7017390727996826,0.5811591744422913,0.5891739726066589,0.696843147277832,0.6198613047599792,0.8742396831512451,0.6286860108375549,0.7792271375656128,0.7039155960083008,1.0063343048095703,0.6357627511024475,0.7763938903808594,0.7097419500350952,1.0649220943450928,0.6502493619918823,0.7735137343406677,0.7204732894897461,1.0373550653457642,0.6510792970657349,0.7814582586288452,0.7167815566062927,1.0182138681411743,0.5524958968162537,0.8833253383636475,0.5655683279037476,0.9279797673225403,0.6202430129051208,1.1192502975463867,0.6432512402534485,1.1789414882659912,0.5184091925621033,1.3169786930084229,0.4817681312561035,1.274000883102417,0.49944812059402466,1.340486764907837,0.4507674276828766,1.260340929031372,0.49631500244140625,1.3569200038909912,0.4726013243198395,1.3621240854263306,frame_38,
,2025-07-07T14:22:30.661676,P2,,,,,,,,,,0.8101314306259155,0.5274533033370972,0.8089767694473267,0.48994195461273193,0.8060859441757202,0.4848713278770447,0.803022027015686,0.47979307174682617,0.8099802732467651,0.49232202768325806,0.8081305623054504,0.4894927442073822,0.8063213229179382,0.48671483993530273,0.7814232110977173,0.46325841546058655,0.787173330783844,0.4718344807624817,0.7886037826538086,0.5419331192970276,0.7905235886573792,0.5415756106376648,0.6819941997528076,0.5356038808822632,0.709340512752533,0.5827074646949768,0.592250406742096,0.7277651429176331,0.6229411959648132,0.8782675266265869,0.6308124661445618,0.8588168025016785,0.7086087465286255,0.9998891353607178,0.6356226801872253,0.8731383681297302,0.7174913287162781,1.0665651559829712,0.6510358452796936,0.8637096881866455,0.7237653732299805,1.0456187725067139,0.6485620737075806,0.8677285313606262,0.7195584774017334,1.009294033050537,0.5543650984764099,0.8958867192268372,0.5723264217376709,0.9401344060897827,0.6336455345153809,1.1051517724990845,0.6599464416503906,1.159932017326355,0.5024307370185852,1.212629795074463,0.4964090883731842,1.18644118309021,0.47829967737197876,1.2176800966262817,0.4696745276451111,1.161496877670288,0.4723411202430725,1.2486486434936523,0.46404320001602173,1.2490499019622803,frame_39,
,2025-07-07T14:22:30.749581,P2,,,,,,,,,,0.813430666923523,0.5346985459327698,0.8132826685905457,0.495463490486145,0.8101354837417603,0.48870164155960083,0.8067358136177063,0.4821367859840393,0.8146777153015137,0.4994758665561676,0.813041090965271,0.49625685811042786,0.8115307092666626,0.49295443296432495,0.7861712574958801,0.46540990471839905,0.7939407825469971,0.4768095314502716,0.7923085689544678,0.5478363633155823,0.7946856021881104,0.5475671291351318,0.6816772222518921,0.5290751457214355,0.7156243324279785,0.5813340544700623,0.5910964608192444,0.6995109915733337,0.6253349184989929,0.8666781187057495,0.6283991932868958,0.8150199055671692,0.7010641098022461,0.9963579773902893,0.6346381902694702,0.816606879234314,0.7014231085777283,1.0434966087341309,0.6505733728408813,0.81843501329422,0.7145504951477051,1.0404821634292603,0.6510934829711914,0.8237643837928772,0.7115835547447205,1.0095411539077759,0.5550454258918762,0.8970063924789429,0.5690869688987732,0.9393772482872009,0.6399720907211304,1.1383439302444458,0.6734379529953003,1.121577501296997,0.5058279037475586,1.2743147611618042,0.4963119626045227,1.2583973407745361,0.482858806848526,1.2877779006958008,0.4589502215385437,1.252116084098816,0.4688270688056946,1.2944939136505127,0.4908224940299988,1.3443337678909302,frame_40,
,2025-07-07T14:22:30.837688,P2,,,,,,,,,,0.8164063692092896,0.5477104783058167,0.815970242023468,0.5119413137435913,0.8130885362625122,0.5060930252075195,0.8100454211235046,0.5002557039260864,0.8173636198043823,0.5169174671173096,0.8159328699111938,0.5151469707489014,0.8146206140518188,0.513180673122406,0.789217472076416,0.48314347863197327,0.7970262169837952,0.49874359369277954,0.7960269451141357,0.5598030090332031,0.7981938123703003,0.5617551803588867,0.6900880932807922,0.5352765321731567,0.7174704670906067,0.5941234230995178,0.5957018136978149,0.6781619191169739,0.6283895373344421,0.8798476457595825,0.6327111124992371,0.7573671340942383,0.7055145502090454,0.9949349164962769,0.6398576498031616,0.759760856628418,0.7086014151573181,1.0314667224884033,0.6537481546401978,0.7592817544937134,0.7288929224014282,1.0220668315887451,0.6537972092628479,0.7649555802345276,0.7217789888381958,0.9913542866706848,0.5580375790596008,0.8768227696418762,0.5695137977600098,0.9248402118682861,0.6348060965538025,1.1045067310333252,0.6391668915748596,1.1870427131652832,0.49756669998168945,1.1725554466247559,0.4885106086730957,1.1376501321792603,0.4764421880245209,1.1748478412628174,0.4698069095611572,1.1045082807540894,0.4564954340457916,1.1805620193481445,0.4435719847679138,1.1653492450714111,frame_41,
,2025-07-07T14:22:30.924450,P2,,,,,,,,,,0.8182820081710815,0.5635355710983276,0.8194648623466492,0.5262125730514526,0.8167299032211304,0.5205783843994141,0.8137742280960083,0.5148379802703857,0.8204865455627441,0.5292201638221741,0.8189056515693665,0.5263663530349731,0.8174055218696594,0.5233058929443359,0.793298065662384,0.49397289752960205,0.7989834547042847,0.5039845705032349,0.7969276905059814,0.5750285983085632,0.798638105392456,0.5753564834594727,0.6937668919563293,0.5419939756393433,0.7243139743804932,0.590532124042511,0.6003891229629517,0.7138876914978027,0.6306157112121582,0.8756659626960754,0.6398342251777649,0.819085955619812,0.7136825323104858,1.0021289587020874,0.6468424201011658,0.822231650352478,0.7226985692977905,1.060694932937622,0.6628278493881226,0.8200585842132568,0.7330468893051147,1.030188798904419,0.6631309986114502,0.8251393437385559,0.7285783290863037,0.999936580657959,0.5605171322822571,0.8909342288970947,0.5723087787628174,0.9329777956008911,0.6101604700088501,1.154902458190918,0.6352871656417847,1.1692497730255127,0.49544280767440796,1.2987513542175293,0.47327131032943726,1.2634613513946533,0.47752705216407776,1.3140864372253418,0.44247907400131226,1.2499544620513916,0.4587464928627014,1.316892385482788,0.4639168381690979,1.353645920753479,frame_42,
,2025-07-07T14:22:31.016919,P2,,,,,,,,,,0.8198500871658325,0.5584390163421631,0.8206006288528442,0.520924985408783,0.8176077008247375,0.5145666599273682,0.8144609332084656,0.5081751942634583,0.8222848176956177,0.5258677005767822,0.8209269642829895,0.5238113403320312,0.8197931051254272,0.5216656923294067,0.7940163612365723,0.4900656044483185,0.8026750683784485,0.5066500902175903,0.7992419600486755,0.5717554092407227,0.8015862703323364,0.5729900598526001,0.695496678352356,0.5421741008758545,0.7261279225349426,0.5949777364730835,0.6050326228141785,0.7151145935058594,0.6329918503761292,0.8780989050865173,0.6477820873260498,0.8181206583976746,0.7136293649673462,1.001116156578064,0.6554771661758423,0.8210256099700928,0.7170988321304321,1.0443366765975952,0.669197142124176,0.8219159245491028,0.7398068904876709,1.0320007801055908,0.6688572764396667,0.8267391920089722,0.7301337718963623,0.9991132020950317,0.5612043738365173,0.8853871822357178,0.5758178234100342,0.9315337538719177,0.6160151362419128,1.1124693155288696,0.6719743609428406,1.1454546451568604,0.4805680215358734,1.1869364976882935,0.5047535300254822,1.175478219985962,0.4601277709007263,1.1880526542663574,0.4782137870788574,1.1532012224197388,0.436739981174469,1.1972923278808594,0.4727957248687744,1.2312631607055664,frame_43,
,2025-07-07T14:22:31.103773,P2,,,,,,,,,,0.8229400515556335,0.5602675080299377,0.8229467272758484,0.5234107971191406,0.8199005126953125,0.5170373916625977,0.8167824745178223,0.5107705593109131,0.8247421979904175,0.5289002060890198,0.8233041763305664,0.5269134044647217,0.8219917416572571,0.524698793888092,0.796670138835907,0.49266955256462097,0.8041597604751587,0.5072464346885681,0.8021513223648071,0.5726613998413086,0.8041430711746216,0.5745526552200317,0.6976648569107056,0.546100914478302,0.7295618057250977,0.5937773585319519,0.6046472191810608,0.7261419296264648,0.633368730545044,0.876311182975769,0.6233618855476379,0.8493610620498657,0.7131537795066833,1.0019124746322632,0.6243512034416199,0.8550187945365906,0.725956916809082,1.0568293333053589,0.6388358473777771,0.854444146156311,0.7356427907943726,1.0264606475830078,0.6403299570083618,0.8568698167800903,0.7294365167617798,0.9989122748374939,0.5636201500892639,0.8903226256370544,0.5722610950469971,0.9295693039894104,0.6430569887161255,1.1278436183929443,0.6753188371658325,1.1587438583374023,0.4929150640964508,1.1888881921768188,0.4964658319950104,1.172338843345642,0.46915751695632935,1.1846816539764404,0.469481885433197,1.1422686576843262,0.4480636715888977,1.2044264078140259,0.45677751302719116,1.2333705425262451,frame_44,
,2025-07-07T14:22:31.189432,P2,,,,,,,,,,0.8179715871810913,0.569692850112915,0.8212512731552124,0.5351790189743042,0.8187437057495117,0.529319167137146,0.8162605166435242,0.5232017040252686,0.8225127458572388,0.5385704040527344,0.8210670351982117,0.5356285572052002,0.819682776927948,0.5324718952178955,0.7960307002067566,0.5001667141914368,0.8007619976997375,0.5122377872467041,0.7980825901031494,0.5811172127723694,0.8004627227783203,0.5815757513046265,0.6996405720710754,0.545240044593811,0.727134644985199,0.6017409563064575,0.6021967530250549,0.6988723278045654,0.6305223107337952,0.8793121576309204,0.6361991763114929,0.8073643445968628,0.7138684988021851,0.9949475526809692,0.6424003839492798,0.8117623329162598,0.7259348034858704,1.053337812423706,0.6566453576087952,0.8135603070259094,0.7369975447654724,1.023948311805725,0.6569979190826416,0.8180056214332581,0.7329085469245911,0.990629255771637,0.5643967390060425,0.8823445439338684,0.5717499256134033,0.9270253777503967,0.6373401880264282,1.1161811351776123,0.6479418277740479,1.1486338376998901,0.49913063645362854,1.189195156097412,0.4799749255180359,1.1826940774917603,0.4794531464576721,1.1912033557891846,0.4530358910560608,1.1596331596374512,0.45147591829299927,1.1940104961395264,0.45229586958885193,1.2476519346237183,frame_45,
,2025-07-07T14:22:31.291949,P2,,,,,,,,,,0.8175527453422546,0.5760902166366577,0.8222273588180542,0.543756365776062,0.8200641870498657,0.5387656688690186,0.817736804485321,0.5334388017654419,0.8221858739852905,0.5457695722579956,0.8201602697372437,0.5426458120346069,0.8180464506149292,0.5391290187835693,0.7957022786140442,0.5110905170440674,0.7982027530670166,0.5180463194847107,0.796579897403717,0.58570396900177,0.7969673871994019,0.5866762399673462,0.7105581760406494,0.5719013214111328,0.7134409546852112,0.6107293963432312,0.6076616644859314,0.6952645182609558,0.5852450132369995,0.7896060347557068,0.6695472002029419,0.7991967797279358,0.6868513822555542,0.9225005507469177,0.6823309659957886,0.8088404536247253,0.7049696445465088,0.9633134007453918,0.6962594389915466,0.8120452165603638,0.716731071472168,0.9370328187942505,0.6905986666679382,0.8103609085083008,0.7130930423736572,0.9227721095085144,0.5845469832420349,0.8388344049453735,0.5676846504211426,0.8697214126586914,0.6908207535743713,1.1039639711380005,0.6635274887084961,1.1127700805664062,0.5731392502784729,1.1095807552337646,0.540996789932251,1.1635265350341797,0.5571078062057495,1.0924896001815796,0.5157584547996521,1.1430555582046509,0.5422927141189575,1.1291882991790771,0.5414276719093323,1.2389034032821655,frame_46,
,2025-07-07T14:22:31.435672,P2,,,,,,,,,,0.8038498163223267,0.5848480463027954,0.8165491819381714,0.5611670613288879,0.8175384402275085,0.5616629719734192,0.8187066316604614,0.5625326633453369,0.8127480745315552,0.5514990091323853,0.8100572824478149,0.5437408685684204,0.8073242902755737,0.5356153249740601,0.8003112077713013,0.529712975025177,0.7855413556098938,0.49510782957077026,0.785111665725708,0.6005120873451233,0.780897319316864,0.5860487222671509,0.7064474821090698,0.578864336013794,0.693757176399231,0.5734456181526184,0.6374092102050781,0.768101692199707,0.5563650727272034,0.7389650344848633,0.6524195075035095,0.8969642519950867,0.5724712014198303,0.979265570640564,0.6664302349090576,0.9296584129333496,0.5738880038261414,1.03956937789917,0.6743326187133789,0.9267614483833313,0.6041717529296875,1.041463851928711,0.6674124598503113,0.9233546853065491,0.6037305593490601,1.0074348449707031,0.563927948474884,0.8042144179344177,0.5313692688941956,0.8261526226997375,0.642620325088501,1.0659892559051514,0.6164758801460266,1.1124447584152222,0.5153892636299133,1.0002951622009277,0.4879390597343445,0.9702879190444946,0.4918763041496277,0.9750955104827881,0.4634994566440582,0.9420384168624878,0.49929237365722656,1.0183131694793701,0.4683188498020172,1.0818427801132202,frame_47,
,2025-07-07T14:22:31.553049,P2,,,,,,,,,,0.7934533357620239,0.5827949047088623,0.8104631304740906,0.5624515414237976,0.8122620582580566,0.5667078495025635,0.8136364221572876,0.5693164467811584,0.8042641878128052,0.5425982475280762,0.8008573651313782,0.5305054783821106,0.7973002195358276,0.5191198587417603,0.7996293306350708,0.5445547103881836,0.7768497467041016,0.4841570258140564,0.7775893211364746,0.6002765893936157,0.7687745094299316,0.580812394618988,0.6948447823524475,0.5619312524795532,0.6910533905029297,0.5892468690872192,0.6184424757957458,0.7551013231277466,0.5535257458686829,0.7655245661735535,0.6293185949325562,0.9061378240585327,0.5129648447036743,0.9853240251541138,0.6387101411819458,0.942370593547821,0.4919482171535492,1.0318540334701538,0.656247079372406,0.9243330359458923,0.5240989923477173,1.0391168594360352,0.6407661437988281,0.9288777112960815,0.5266976356506348,1.0189621448516846,0.549232542514801,0.7974907159805298,0.5252016186714172,0.8334245681762695,0.642170786857605,1.0686907768249512,0.6345535516738892,1.0816079378128052,0.5199688076972961,1.003465175628662,0.49538078904151917,0.9914700984954834,0.4843927323818207,1.056999683380127,0.46413692831993103,0.9620210528373718,0.5117061734199524,1.1310744285583496,0.4790480136871338,1.149847388267517,frame_48,
,2025-07-07T14:22:31.743906,P2,,,,,,,,,,0.7773692011833191,0.5758142471313477,0.7959661483764648,0.5635244250297546,0.7974954843521118,0.5682791471481323,0.7986903190612793,0.5716019868850708,0.7898340821266174,0.5385907292366028,0.7868944406509399,0.5248996019363403,0.7834597229957581,0.5106487274169922,0.7869412899017334,0.5508049130439758,0.7630313634872437,0.4701179563999176,0.7607607245445251,0.594305157661438,0.7513600587844849,0.5663812160491943,0.6902886629104614,0.5799965858459473,0.66961669921875,0.566286027431488,0.615276575088501,0.7714676856994629,0.5440056920051575,0.7717567682266235,0.6462528705596924,0.9236109256744385,0.4466814398765564,0.9823917746543884,0.6618081331253052,0.9610425233840942,0.4287204146385193,1.0379881858825684,0.6696018576622009,0.9587619304656982,0.43838396668434143,1.0718098878860474,0.6602044701576233,0.9378194808959961,0.45048171281814575,1.0435620546340942,0.5545620918273926,0.8444918394088745,0.5212793350219727,0.8678857684135437,0.6392921209335327,1.106967806816101,0.6326403021812439,1.1076972484588623,0.5386943817138672,1.202745795249939,0.5014733672142029,1.2085654735565186,0.513128936290741,1.1999226808547974,0.4635316729545593,1.1937233209609985,0.5337368845939636,1.279524564743042,0.5215725898742676,1.3288191556930542,frame_49,
,2025-07-07T14:22:31.867557,P2,,,,,,,,,,0.7660254240036011,0.5757375955581665,0.7872161865234375,0.5587834119796753,0.7892012596130371,0.5634032487869263,0.7910852432250977,0.5672949552536011,0.7789533138275146,0.5351443886756897,0.7758834362030029,0.5225992798805237,0.7720970511436462,0.5088111162185669,0.7794622182846069,0.5523603558540344,0.7480844855308533,0.4689493477344513,0.7503986954689026,0.5954722166061401,0.7386702299118042,0.5682165622711182,0.6771336793899536,0.5798079967498779,0.655401349067688,0.5742630958557129,0.6100239157676697,0.7866488695144653,0.5228930711746216,0.7958226799964905,0.6469619870185852,0.9164646863937378,0.4266818165779114,1.0007034540176392,0.6670814156532288,0.9544203281402588,0.4097319543361664,1.0513310432434082,0.6759140491485596,0.9530380964279175,0.4240416884422302,1.070002555847168,0.6638531684875488,0.9362921714782715,0.43158403038978577,1.0581884384155273,0.5170427560806274,0.8618818521499634,0.4884668290615082,0.8842036724090576,0.6292596459388733,1.1086363792419434,0.6145362854003906,1.102872371673584,0.5246098041534424,1.1727262735366821,0.47923988103866577,1.1952699422836304,0.496861070394516,1.162132978439331,0.44146528840065,1.1785271167755127,0.5209414958953857,1.2458486557006836,0.4943062663078308,1.317225694656372,frame_50,
